"Product_ID","Word","MeanFreq"
"9Chips","Chips",2.79377741208009e-06
"9Chips","Paprika",5.48470126204847e-07
"9Chips","Geschmack",1.14110548565804e-05
"9Chips","Kartoffelchips",1.46123653621544e-07
"9Chips","Paprika",5.48470126204847e-07
"9Chips","Geschmack",1.14110548565804e-05
"9Chips","Chips",2.79377741208009e-06
"9Chips","Paprika",5.48470126204847e-07
"9Chips","Geschmack",1.14110548565804e-05
