"Product_ID","Word","MeanFreq"
"9Chips","Chips",2.79377741208009e-06
"9Chips","Kartoffelchips",1.46123653621544e-07
"9Chips","Paprika",5.48470126204847e-07
"9Chips","100",0.000128619183669798
"9Chips","Sonnenblumenöl",1.0863067601008e-07
"9Chips","gebacken",8.13558983736584e-07
"9Chips","Chips",2.79377741208009e-06
"9Chips","Kartoffelchips",1.46123653621544e-07
