"Product_ID","Word","MeanFreq"
"9Chips","Chips",2.79377741208009e-06
"9Chips","Meersalz",1.36971202380209e-07
"9Chips","Pfeffer",2.64121752024948e-06
"9Chips","potato",4.11853822157582e-08
"9Chips","crisps",4.46210102200695e-09
"9Chips","knusprige",5.00242069989554e-08
"9Chips","Kartoffelchips",1.46123653621544e-07
"9Chips","Meersalz",1.36971202380209e-07
"9Chips","Pfeffer",2.64121752024948e-06
